{
  "index": [
    [
      167.71410803072246,
      244.8446392236692,
      57.42821606144492,
      199.02261178067175,
      null,
      null
    ]
  ],
  "len": 1
}
